Table 1,,,,,,,
ID,State,Variable,2013,2012,% Change from 2012,Percentage of Total Homeless Populaiton (2013),"Rate per 10,000"
Guam - Chronic individuals,Guam,Chronic individuals,51,22,131.82%,4.00%,3
New York - Chronic individuals,New York,Chronic individuals,4045,4324,-6.45%,5.20%,2
Maine - Chronic individuals,Maine,Chronic individuals,159,222,-28.38%,5.30%,1
North Dakota - Chronic individuals,North Dakota,Chronic individuals,110,81,35.80%,5.30%,2
Delaware - Chronic individuals,Delaware,Chronic individuals,65,84,-22.62%,6.90%,1
South Carolina - Chronic individuals,South Carolina,Chronic individuals,453,388,16.75%,6.90%,1
Wisconsin - Chronic individuals,Wisconsin,Chronic individuals,449,377,19.10%,7.40%,1
Kentucky - Chronic individuals,Kentucky,Chronic individuals,394,497,-20.72%,7.50%,1
Missouri - Chronic individuals,Missouri,Chronic individuals,695,906,-23.29%,8.10%,1
Massachusetts - Chronic individuals,Massachusetts,Chronic individuals,1577,1500,5.13%,8.30%,2
New Jersey - Chronic individuals,New Jersey,Chronic individuals,1002,881,13.73%,8.30%,1
Indiana - Chronic individuals,Indiana,Chronic individuals,511,461,10.85%,8.40%,1
Michigan - Chronic individuals,Michigan,Chronic individuals,969,1174,-28.38%,8.40%,1
Alaska - Chronic individuals,Alaska,Chronic individuals,166,273,-39.19%,8.50%,2
Iowa - Chronic individuals,Iowa,Chronic individuals,277,270,2.59%,9.00%,1
Arizona - Chronic individuals,Arizona,Chronic individuals,1064,1605,-33.71%,10.10%,2
Pennsylvania - Chronic individuals,Pennsylvania,Chronic individuals,1536,1564,-1.79%,10.20%,1
Illinois - Chronic individuals,Illinois,Chronic individuals,1403,2079,-32.52%,10.50%,1
Nevada - Chronic individuals,Nevada,Chronic individuals,884,1996,-55.71%,10.50%,3
Utah - Chronic individuals,Utah,Chronic individuals,347,331,4.83%,10.60%,1
South Dakota - Chronic individuals,South Dakota,Chronic individuals,117,113,3.54%,10.70%,1
Nebraska - Chronic individuals,Nebraska,Chronic individuals,339,396,-14.39%,10.80%,2
Idaho - Chronic individuals,Idaho,Chronic individuals,193,200,-3.50%,10.80%,1
Washington - Chronic individuals,Washington,Chronic individuals,1927,2041,-5.59%,10.90%,3
Minnesota - Chronic individuals,Minnesota,Chronic individuals,915,1004,-8.86%,11.10%,2
Montana - Chronic individuals,Montana,Chronic individuals,210,304,-30.92%,11.20%,2
Kansas - Chronic individuals,Kansas,Chronic individuals,304,307,-0.98%,11.30%,1
North Carolina - Chronic individuals,North Carolina,Chronic individuals,1451,1465,-0.96%,11.90%,1
Vermont - Chronic individuals,Vermont,Chronic individuals,183,190,-3.68%,12.60%,3
Ohio - Chronic individuals,Ohio,Chronic individuals,1677,1788,-6.21%,13.60%,1
Colorado - Chronic individuals,Colorado,Chronic individuals,1354,1612,-16.00%,13.90%,3
Oklahoma - Chronic individuals,Oklahoma,Chronic individuals,617,481,28.27%,14.00%,2
New Mexico - Chronic individuals,New Mexico,Chronic individuals,399,973,-58.99%,14.20%,2
Arkansas - Chronic individuals,Arkansas,Chronic individuals,565,361,56.51%,14.80%,2
Maryland - Chronic individuals,Maryland,Chronic individuals,1249,1259,-0.79%,15.20%,2
New Hampshire - Chronic individuals,New Hampshire,Chronic individuals,226,237,-4.64%,15.60%,2
Georgia - Chronic individuals,Georgia,Chronic individuals,2713,3016,-10.05%,16.00%,3
Texas - Chronic individuals,Texas,Chronic individuals,4770,6115,-22.00%,16.10%,2
Florida - Chronic individuals,Florida,Chronic individuals,7778,8682,-10.41%,16.30%,4
Hawaii - Chronic individuals,Hawaii,Chronic individuals,1031,910,13.30%,16.30%,7
Alabama - Chronic individuals,Alabama,Chronic individuals,768,910,-15.60%,16.40%,2
Virginia - Chronic individuals,Virginia,Chronic individuals,1262,1531,-17.57%,16.60%,2
Mississippi - Chronic individuals,Mississippi,Chronic individuals,408,450,-9.33%,17.00%,1
West Virginia - Chronic individuals,West Virginia,Chronic individuals,390,346,12.72%,17.40%,2
Rhode Island - Chronic individuals,Rhode Island,Chronic individuals,243,148,64.19%,17.60%,2
Oregon - Chronic individuals,Oregon,Chronic individuals,2444,2782,-12.15%,17.70%,6
US Virgin Islands - Chronic individuals,US Virgin Islands,Chronic individuals,87,193,-54.92%,18.00%,8
Louisiana - Chronic individuals,Louisiana,Chronic individuals,1015,2743,-63%,19.40%,2
Connecticut - Chronic individuals,Connecticut,Chronic individuals,872,924,-5.63%,19.60%,2
Tennessee - Chronic individuals,Tennessee,Chronic individuals,1929,2114,-8.75%,20.20%,3
Wyoming - Chronic individuals,Wyoming,Chronic individuals,221,375,-41.07%,23.20%,4
District of Columbia - Chronic individuals,District of Columbia,Chronic individuals,1764,1870,-5.67%,25.70%,27
California - Chronic individuals,California,Chronic individuals,35386,33422,5.88%,25.90%,9
Puerto Rico - Chronic individuals,Puerto Rico,Chronic individuals,1629,1597,2.00%,39.50%,5
US Virgin Islands - Chronic Families,US Virgin Islands,Chronic Persons in Families,0,,,0.00%,
Nevada - Chronic Families,Nevada,Chronic Persons in Families,6,,,0.10%,
South Carolina - Chronic Families,South Carolina,Chronic Persons in Families,30,,,0.50%,
Maine - Chronic Families,Maine,Chronic Persons in Families,17,,,0.60%,
Rhode Island - Chronic Families,Rhode Island,Chronic Persons in Families,8,,,0.60%,
Ohio - Chronic Families,Ohio,Chronic Persons in Families,76,,,0.60%,
Delaware - Chronic Families,Delaware,Chronic Persons in Families,6,,,0.60%,
Montana - Chronic Families,Montana,Chronic Persons in Families,17,,,0.90%,
Alaska - Chronic Families,Alaska,Chronic Persons in Families,18,,,0.90%,
Pennsylvania - Chronic Families,Pennsylvania,Chronic Persons in Families,145,,,1.00%,
Arkansas - Chronic Families,Arkansas,Chronic Persons in Families,37,,,1.00%,
Indiana - Chronic Families,Indiana,Chronic Persons in Families,69,,,1.10%,
Arizona - Chronic Families,Arizona,Chronic Persons in Families,124,,,1.20%,
Wisconsin - Chronic Families,Wisconsin,Chronic Persons in Families,72,,,1.20%,
Michigan - Chronic Families,Michigan,Chronic Persons in Families,137,,,1.20%,
Virginia - Chronic Families,Virginia,Chronic Persons in Families,94,,,1.20%,
Illinois - Chronic Families,Illinois,Chronic Persons in Families,171,,,1.30%,
Washington - Chronic Families,Washington,Chronic Persons in Families,269,,,1.50%,
Iowa - Chronic Families,Iowa,Chronic Persons in Families,50,,,1.60%,
West Virginia - Chronic Families,West Virginia,Chronic Persons in Families,42,,,1.90%,
Louisiana - Chronic Families,Louisiana,Chronic Persons in Families,100,,,1.90%,
Alabama - Chronic Families,Alabama,Chronic Persons in Families,90,,,1.90%,
Kansas - Chronic Families,Kansas,Chronic Persons in Families,52,,,1.90%,
New Jersey - Chronic Families,New Jersey,Chronic Persons in Families,235,,,2.00%,
New Hampshire - Chronic Families,New Hampshire,Chronic Persons in Families,29,,,2.00%,
Georgia - Chronic Families,Georgia,Chronic Persons in Families,369,,,2.20%,
Oklahoma - Chronic Families,Oklahoma,Chronic Persons in Families,102,,,2.30%,
Vermont - Chronic Families,Vermont,Chronic Persons in Families,34,,,2.30%,
Hawaii - Chronic Families,Hawaii,Chronic Persons in Families,149,,,2.40%,
Nebraska - Chronic Families,Nebraska,Chronic Persons in Families,75,,,2.40%,
Wyoming - Chronic Families,Wyoming,Chronic Persons in Families,23,,,2.40%,
Texas - Chronic Families,Texas,Chronic Persons in Families,765,,,2.60%,
Mississippi - Chronic Families,Mississippi,Chronic Persons in Families,67,,,2.80%,
Kentucky - Chronic Families,Kentucky,Chronic Persons in Families,147,,,2.80%,
Maryland - Chronic Families,Maryland,Chronic Persons in Families,231,,,2.80%,
California - Chronic Families,California,Chronic Persons in Families,3864,,,2.80%,
Massachusetts - Chronic Families,Massachusetts,Chronic Persons in Families,538,,,2.80%,
New York - Chronic Families,New York,Chronic Persons in Families,2272,,,2.90%,
Tennessee - Chronic Families,Tennessee,Chronic Persons in Families,290,,,3.00%,
North Carolina - Chronic Families,North Carolina,Chronic Persons in Families,391,,,3.20%,
Utah - Chronic Families,Utah,Chronic Persons in Families,107,,,3.30%,
North Dakota - Chronic Families,North Dakota,Chronic Persons in Families,69,,,3.30%,
District of Columbia - Chronic Families,District of Columbia,Chronic Persons in Families,263,,,3.80%,
Florida - Chronic Families,Florida,Chronic Persons in Families,1869,,,3.90%,
Connecticut - Chronic Families,Connecticut,Chronic Persons in Families,174,,,3.90%,
Missouri - Chronic Families,Missouri,Chronic Persons in Families,342,,,4.00%,
Oregon - Chronic Families,Oregon,Chronic Persons in Families,599,,,4.30%,
Colorado - Chronic Families,Colorado,Chronic Persons in Families,426,,,4.40%,
Idaho - Chronic Families,Idaho,Chronic Persons in Families,78,,,4.40%,
New Mexico - Chronic Families,New Mexico,Chronic Persons in Families,126,,,4.50%,
Minnesota - Chronic Families,Minnesota,Chronic Persons in Families,435,,,5.30%,
South Dakota - Chronic Families,South Dakota,Chronic Persons in Families,100,,,9.10%,
Puerto Rico - Chronic Families,Puerto Rico,Chronic Persons in Families,501,,,12.10%,
Guam - Chronic Families,Guam,Chronic Persons in Families,239,,,18.80%,
Alabama - Family Households,Alabama,Family Households,495,497,-0.40%,,
Alaska - Family Households,Alaska,Family Households,196,216,-9.26%,,
Arizona - Family Households,Arizona,Family Households,1291,1465,-11.88%,,
Arkansas - Family Households,Arkansas,Family Households,218,266,-18.05%,,
California - Family Households,California,Family Households,8267,8076,2.37%,,
Colorado - Family Households,Colorado,Family Households,1444,3104,-53.48%,,
Connecticut - Family Households,Connecticut,Family Households,475,449,5.79%,,
Delaware - Family Households,Delaware,Family Households,119,128,-7.03%,,
District of Columbia - Family Households,District of Columbia,Family Households,983,1014,-3.06%,,
Florida - Family Households,Florida,Family Households,5806,6333,-8.32%,,
Georgia - Family Households,Georgia,Family Households,1257,1779,-29.34%,,
Guam - Family Households,Guam,Family Households,167,165,1.21%,,
Hawaii - Family Households,Hawaii,Family Households,736,792,-7.07%,,
Idaho - Family Households,Idaho,Family Households,211,246,-14.23%,,
Illinois - Family Households,Illinois,Family Households,1730,1905,-9.19%,,
Indiana - Family Households,Indiana,Family Households,739,955,-22.62%,,
Iowa - Family Households,Iowa,Family Households,495,466,6.22%,,
Kansas - Family Households,Kansas,Family Households,387,346,11.85%,,
Kentucky - Family Households,Kentucky,Family Households,672,667,0.75%,,
Louisiana - Family Households,Louisiana,Family Households,415,474,-12.45%,,
Maine - Family Households,Maine,Family Households,494,376,31.38%,,
Maryland - Family Households,Maryland,Family Households,997,1300,-23.31%,,
Massachusetts - Family Households,Massachusetts,Family Households,4327,3887,11.32%,,
Michigan - Family Households,Michigan,Family Households,1412,1703,-17.09%,,
Minnesota - Family Households,Minnesota,Family Households,1338,1311,2.06%,,
Mississippi - Family Households,Mississippi,Family Households,192,221,-13.12%,,
Missouri - Family Households,Missouri,Family Households,1259,1745,-27.85%,,
Montana - Family Households,Montana,Family Households,207,192,7.81%,,
Nebraska - Family Households,Nebraska,Family Households,397,514,-22.76%,,
Nevada - Family Households,Nevada,Family Households,319,343,-7.00%,,
New Hampshire - Family Households,New Hampshire,Family Households,229,240,-4.58%,,
New Jersey - Family Households,New Jersey,Family Households,1994,2247,-11.26%,,
New Mexico - Family Households,New Mexico,Family Households,323,348,-7.18%,,
New York - Family Households,New York,Family Households,13675,12170,12.37%,,
North Carolina - Family Households,North Carolina,Family Households,1520,1633,-6.92%,,
North Dakota - Family Households,North Dakota,Family Households,244,70,248.57%,,
Ohio - Family Households,Ohio,Family Households,1501,1943,-22.75%,,
Oklahoma - Family Households,Oklahoma,Family Households,426,519,-17.92%,,
Oregon - Family Households,Oregon,Family Households,1524,2110,-27.77%,,
Pennsylvania - Family Households,Pennsylvania,Family Households,2409,2476,-2.71%,,
Puerto Rico - Family Households,Puerto Rico,Family Households,185,297,-37.71%,,
Rhode Island - Family Households,Rhode Island,Family Households,177,182,-2.75%,,
South Carolina - Family Households,South Carolina,Family Households,640,551,16.15%,,
South Dakota - Family Households,South Dakota,Family Households,154,119,29.41%,,
Tennessee - Family Households,Tennessee,Family Households,880,833,5.64%,,
Texas - Family Households,Texas,Family Households,2826,4511,-37.35%,,
US Virgin Islands - Family Households,US Virgin Islands,Family Households,11,16,-31.25%,,
Utah - Family Households,Utah,Family Households,406,445,-8.76%,,
Vermont - Family Households,Vermont,Family Households,262,172,52.33%,,
Virginia - Family Households,Virginia,Family Households,984,1094,-10.05%,,
Washington - Family Households,Washington,Family Households,2217,2871,-22.78%,,
West Virginia - Family Households,West Virginia,Family Households,228,243,-6.17%,,
Wisconsin - Family Households,Wisconsin,Family Households,1016,961,5.72%,,
Wyoming - Family Households,Wyoming,Family Households,84,171,-50.88%,,
Alabama - Homeless persons,Alabama,Homeless persons,4689,5209,-9.98%,,10
Alaska - Homeless persons,Alaska,Homeless persons,1946,1913,1.73%,,26
Arizona - Homeless persons,Arizona,Homeless persons,10562,11302,-6.55%,,16
Arkansas - Homeless persons,Arkansas,Homeless persons,3812,4214,-9.54%,,13
California - Homeless persons,California,Homeless persons,136826,130898,4.53%,,36
Colorado - Homeless persons,Colorado,Homeless persons,9754,16768,-41.83%,,19
Connecticut - Homeless persons,Connecticut,Homeless persons,4448,4209,5.68%,,12
Delaware - Homeless persons,Delaware,Homeless persons,946,1008,-6.15%,,10
District of Columbia - Homeless persons,District of Columbia,Homeless persons,6865,6954,-1.28%,,106
Florida - Homeless persons,Florida,Homeless persons,47862,55170,-13.25%,,24
Georgia - Homeless persons,Georgia,Homeless persons,16971,20516,-17.28%,,17
Guam - Homeless persons,Guam,Homeless persons,1271,1301,-2.31%,,80
Hawaii - Homeless persons,Hawaii,Homeless persons,6335,6246,1.42%,,45
Idaho - Homeless persons,Idaho,Homeless persons,1781,1968,-9.50%,,11
Illinois - Homeless persons,Illinois,Homeless persons,13425,14144,-5.08%,,10
Indiana - Homeless persons,Indiana,Homeless persons,6096,6259,-2.60%,,9
Iowa - Homeless persons,Iowa,Homeless persons,3084,2928,5.33%,,10
Kansas - Homeless persons,Kansas,Homeless persons,2693,2684,0.34%,,9
Kentucky - Homeless persons,Kentucky,Homeless persons,5245,5230,0.29%,,12
Louisiana - Homeless persons,Louisiana,Homeless persons,5226,7772,-32.76%,,11
Maine - Homeless persons,Maine,Homeless persons,3016,2393,26.03%,,23
Maryland - Homeless persons,Maryland,Homeless persons,8205,9454,-13.21%,,14
Massachusetts - Homeless persons,Massachusetts,Homeless persons,19029,17501,8.73%,,28
Michigan - Homeless persons,Michigan,Homeless persons,11527,12592,-8.46%,,12
Minnesota - Homeless persons,Minnesota,Homeless persons,8214,7744,6.07%,,15
Mississippi - Homeless persons,Mississippi,Homeless persons,2403,2413,-0.41%,,8
Missouri - Homeless persons,Missouri,Homeless persons,8581,10237,-16.18%,,14
Montana - Homeless persons,Montana,Homeless persons,1878,1833,2.45%,,19
Nebraska - Homeless persons,Nebraska,Homeless persons,3145,3789,-17.00%,,17
Nevada - Homeless persons,Nevada,Homeless persons,8443,9926,-14.94%,,30
New Hampshire - Homeless persons,New Hampshire,Homeless persons,1447,1496,-3.28%,,11
New Jersey - Homeless persons,New Jersey,Homeless persons,12002,13025,-7.85%,,13
New Mexico - Homeless persons,New Mexico,Homeless persons,2819,3245,-13.13%,,14
New York - Homeless persons,New York,Homeless persons,77430,69566,11.30%,,39
North Carolina - Homeless persons,North Carolina,Homeless persons,12168,13524,-10.03%,,12
North Dakota - Homeless persons,North Dakota,Homeless persons,2069,688,200.73%,,29
Ohio - Homeless persons,Ohio,Homeless persons,12325,13977,-11.82%,,11
Oklahoma - Homeless persons,Oklahoma,Homeless persons,4408,5032,-12.40%,,11
Oregon - Homeless persons,Oregon,Homeless persons,13822,15828,-12.67%,,35
Pennsylvania - Homeless persons,Pennsylvania,Homeless persons,15086,14736,2.38%,,12
Puerto Rico - Homeless persons,Puerto Rico,Homeless persons,4128,3212,28.52%,,11
Rhode Island - Homeless persons,Rhode Island,Homeless persons,1384,1277,8.38%,,13
South Carolina - Homeless persons,South Carolina,Homeless persons,6544,4915,33.14%,,14
South Dakota - Homeless persons,South Dakota,Homeless persons,1094,859,27.36%,,13
Tennessee - Homeless persons,Tennessee,Homeless persons,9528,9426,1.08%,,15
Texas - Homeless persons,Texas,Homeless persons,29615,34052,-13.03%,,11
US Virgin Islands - Homeless persons,US Virgin Islands,Homeless persons,482,484,-0.41%,,45
Utah - Homeless persons,Utah,Homeless persons,3277,3527,-7.09%,,11
Vermont - Homeless persons,Vermont,Homeless persons,1454,1160,25.34%,,23
Virginia - Homeless persons,Virginia,Homeless persons,7625,8424,-9.48%,,9
Washington - Homeless persons,Washington,Homeless persons,17760,20504,-13.38%,,25
West Virginia - Homeless persons,West Virginia,Homeless persons,2240,2410,-7.05%,,12
Wisconsin - Homeless persons,Wisconsin,Homeless persons,6104,6027,1.28%,,11
Wyoming - Homeless persons,Wyoming,Homeless persons,953,1813,-47.44%,,16
US Virgin Islands - Persons in families,US Virgin Islands,Persons in families,38,46,-17.39%,7.90%,4
Nevada - Persons in families,Nevada,Persons in families,846,1010,-16.24%,10.00%,3
Puerto Rico - Persons in families,Puerto Rico,Persons in families,658,718,-8.36%,15.90%,2
Arkansas - Persons in families,Arkansas,Persons in families,638,786,-18.83%,16.70%,2
California - Persons in families,California,Persons in families,25094,25210,-0.46%,18.30%,7
Georgia - Persons in families,Georgia,Persons in families,4091,5153,-20.61%,24.10%,4
Louisiana - Persons in families,Louisiana,Persons in families,1318,1450,-9.10%,25.20%,3
Mississippi - Persons in families,Mississippi,Persons in families,650,619,5.01%,27.00%,2
Tennessee - Persons in families,Tennessee,Persons in families,2619,2521,3.89%,27.50%,4
South Carolina - Persons in families,South Carolina,Persons in families,1808,1588,13.85%,27.60%,4
Alabama - Persons in families,Alabama,Persons in families,1302,1384,-5.92%,27.80%,3
Oklahoma - Persons in families,Oklahoma,Persons in families,1229,1578,-22.12%,27.90%,3
Wyoming - Persons in families,Wyoming,Persons in families,276,511,-45.99%,29.00%,5
Texas - Persons in families,Texas,Persons in families,8857,13309,-33.45%,29.90%,3
Alaska - Persons in families,Alaska,Persons in families,584,615,-5.04%,30.00%,8
Connecticut - Persons in families,Connecticut,Persons in families,1347,1303,3.38%,30.30%,4
West Virginia - Persons in families,West Virginia,Persons in families,696,668,4.19%,31.10%,4
Florida - Persons in families,Florida,Persons in families,16503,18399,-10.30%,34.50%,8
Oregon - Persons in families,Oregon,Persons in families,4828,6040,-20.07%,34.90%,12
Montana - Persons in families,Montana,Persons in families,667,667,0.00%,35.50%,7
Maryland - Persons in families,Maryland,Persons in families,2984,3727,-19.94%,36.40%,5
New Mexico - Persons in families,New Mexico,Persons in families,1033,1109,-6.85%,36.60%,5
Kentucky - Persons in families,Kentucky,Persons in families,1943,1948,-0.26%,37.00%,4
Michigan - Persons in families,Michigan,Persons in families,4291,5195,-17.40%,37.20%,4
Rhode Island - Persons in families,Rhode Island,Persons in families,522,489,6.75%,37.70%,5
North Carolina - Persons in families,North Carolina,Persons in families,4638,5044,-8.05%,38.10%,5
Ohio - Persons in families,Ohio,Persons in families,4714,6122,-23.00%,38.20%,4
Arizona - Persons in families,Arizona,Persons in families,4052,4992,-18.83%,38.40%,6
Indiana - Persons in families,Indiana,Persons in families,2345,2943,-20.32%,38.50%,4
Idaho - Persons in families,Idaho,Persons in families,697,793,-12.11%,39.10%,4
Delaware - Persons in families,Delaware,Persons in families,371,397,-6.55%,39.20%,4
Nebraska - Persons in families,Nebraska,Persons in families,1253,1574,-20.39%,39.80%,7
Washington - Persons in families,Washington,Persons in families,7143,9231,-22.62%,40.20%,10
Utah - Persons in families,Utah,Persons in families,1318,1478,-10.83%,40.20%,5
North Dakota - Persons in families,North Dakota,Persons in families,839,203,313.30%,40.60%,12
Virginia - Persons in families,Virginia,Persons in families,3093,3340,-7.40%,40.60%,4
Illinois - Persons in families,Illinois,Persons in families,5467,5875,-6.94%,40.70%,4
New Hampshire - Persons in families,New Hampshire,Persons in families,649,664,-2.26%,44.90%,5
Kansas - Persons in families,Kansas,Persons in families,1213,1158,-4.75%,45.00%,4
Missouri - Persons in families,Missouri,Persons in families,3929,5382,-27%,45.80%,7
District of Columbia - Persons in families,District of Columbia,Persons in families,3169,3187,-0.56%,46.20%,49
Hawaii - Persons in families,Hawaii,Persons in families,2980,3116,-4.36%,47.00%,21
Pennsylvania - Persons in families,Pennsylvania,Persons in families,7113,7441,-4.41%,47.10%,6
Maine - Persons in families,Maine,Persons in families,1453,1106,31.37%,48.20%,11
South Dakota - Persons in families,South Dakota,Persons in families,537,347,54.76%,49.10%,6
New Jersey - Persons in families,New Jersey,Persons in families,5909,6422,-7.99%,49.20%,7
Iowa - Persons in families,Iowa,Persons in families,1560,1482,-5.26%,50.60%,5
Wisconsin - Persons in families,Wisconsin,Persons in families,3099,2994,3.51%,50.80%,5
Vermont - Persons in families,Vermont,Persons in families,753,507,48.52%,51.80%,12
Colorado - Persons in families,Colorado,Persons in families,5090,11667,-56.37%,52.20%,10
Minnesota - Persons in families,Minnesota,Persons in families,4486,4204,6.71%,54.60%,8
New York - Persons in families,New York,Persons in families,46195,39433,17.15%,59.70%,24
Massachusetts - Persons in families,Massachusetts,Persons in families,12335,11212,10.02%,64.80%,18
Guam - Persons in families,Guam,Persons in families,975,1046,-6.79%,76.70%,61
District of Columbia - Unaccompanied Children and youth,District of Columbia,Unaccompanied Children and youth,164,,,2.40%,
Massachusetts - Unaccompanied Children and youth,Massachusetts,Unaccompanied Children and youth,518,,,2.70%,
Guam - Unaccompanied Children and youth,Guam,Unaccompanied Children and youth,35,,,2.80%,
Hawaii - Unaccompanied Children and youth,Hawaii,Unaccompanied Children and youth,209,,,3.30%,
Delaware - Unaccompanied Children and youth,Delaware,Unaccompanied Children and youth,35,,,3.70%,
Puerto Rico - Unaccompanied Children and youth,Puerto Rico,Unaccompanied Children and youth,153,,,3.70%,
Kansas - Unaccompanied Children and youth,Kansas,Unaccompanied Children and youth,101,,,3.80%,
US Virgin Islands - Unaccompanied Children and youth,US Virgin Islands,Unaccompanied Children and youth,19,,,3.90%,
Virginia - Unaccompanied Children and youth,Virginia,Unaccompanied Children and youth,314,,,4.10%,
Utah - Unaccompanied Children and youth,Utah,Unaccompanied Children and youth,140,,,4.30%,
Maryland - Unaccompanied Children and youth,Maryland,Unaccompanied Children and youth,383,,,4.70%,
New York - Unaccompanied Children and youth,New York,Unaccompanied Children and youth,3670,,,4.70%,
South Carolina - Unaccompanied Children and youth,South Carolina,Unaccompanied Children and youth,319,,,4.90%,
Colorado - Unaccompanied Children and youth,Colorado,Unaccompanied Children and youth,508,,,5.20%,
Indiana - Unaccompanied Children and youth,Indiana,Unaccompanied Children and youth,319,,,5.20%,
Rhode Island - Unaccompanied Children and youth,Rhode Island,Unaccompanied Children and youth,73,,,5.30%,
Connecticut - Unaccompanied Children and youth,Connecticut,Unaccompanied Children and youth,235,,,5.30%,
Pennsylvania - Unaccompanied Children and youth,Pennsylvania,Unaccompanied Children and youth,850,,,5.60%,
South Dakota - Unaccompanied Children and youth,South Dakota,Unaccompanied Children and youth,63,,,5.80%,
New Jersey - Unaccompanied Children and youth,New Jersey,Unaccompanied Children and youth,696,,,5.80%,
Vermont - Unaccompanied Children and youth,Vermont,Unaccompanied Children and youth,86,,,5.90%,
Wisconsin - Unaccompanied Children and youth,Wisconsin,Unaccompanied Children and youth,382,,,6.30%,
Tennessee - Unaccompanied Children and youth,Tennessee,Unaccompanied Children and youth,598,,,6.30%,
Iowa - Unaccompanied Children and youth,Iowa,Unaccompanied Children and youth,195,,,6.30%,
Arizona - Unaccompanied Children and youth,Arizona,Unaccompanied Children and youth,675,,,6.40%,
Washington - Unaccompanied Children and youth,Washington,Unaccompanied Children and youth,1136,,,6.40%,
Georgia - Unaccompanied Children and youth,Georgia,Unaccompanied Children and youth,1113,,,6.60%,
Texas - Unaccompanied Children and youth,Texas,Unaccompanied Children and youth,2072,,,7.00%,
North Carolina - Unaccompanied Children and youth,North Carolina,Unaccompanied Children and youth,876,,,7.20%,
Florida - Unaccompanied Children and youth,Florida,Unaccompanied Children and youth,3461,,,7.20%,
Kentucky - Unaccompanied Children and youth,Kentucky,Unaccompanied Children and youth,384,,,7.30%,
Missouri - Unaccompanied Children and youth,Missouri,Unaccompanied Children and youth,632,,,7.40%,
Ohio - Unaccompanied Children and youth,Ohio,Unaccompanied Children and youth,912,,,7.40%,
Arkansas - Unaccompanied Children and youth,Arkansas,Unaccompanied Children and youth,290,,,7.60%,
Idaho - Unaccompanied Children and youth,Idaho,Unaccompanied Children and youth,138,,,7.70%,
Illinois - Unaccompanied Children and youth,Illinois,Unaccompanied Children and youth,1055,,,7.90%,
New Hampshire - Unaccompanied Children and youth,New Hampshire,Unaccompanied Children and youth,116,,,8.00%,
Alabama - Unaccompanied Children and youth,Alabama,Unaccompanied Children and youth,394,,,8.40%,
Alaska - Unaccompanied Children and youth,Alaska,Unaccompanied Children and youth,168,,,8.60%,
Oregon - Unaccompanied Children and youth,Oregon,Unaccompanied Children and youth,1204,,,8.70%,
Montana - Unaccompanied Children and youth,Montana,Unaccompanied Children and youth,165,,,8.80%,
Minnesota - Unaccompanied Children and youth,Minnesota,Unaccompanied Children and youth,733,,,8.90%,
Nebraska - Unaccompanied Children and youth,Nebraska,Unaccompanied Children and youth,282,,,9.00%,
Louisiana - Unaccompanied Children and youth,Louisiana,Unaccompanied Children and youth,486,,,9.30%,
Michigan - Unaccompanied Children and youth,Michigan,Unaccompanied Children and youth,1087,,,9.40%,
North Dakota - Unaccompanied Children and youth,North Dakota,Unaccompanied Children and youth,206,,,10.00%,
Maine - Unaccompanied Children and youth,Maine,Unaccompanied Children and youth,307,,,10.20%,
Oklahoma - Unaccompanied Children and youth,Oklahoma,Unaccompanied Children and youth,480,,,10.90%,
Wyoming - Unaccompanied Children and youth,Wyoming,Unaccompanied Children and youth,107,,,11.20%,
West Virginia - Unaccompanied Children and youth,West Virginia,Unaccompanied Children and youth,252,,,11.30%,
California - Unaccompanied Children and youth,California,Unaccompanied Children and youth,15469,,,11.30%,
Mississippi - Unaccompanied Children and youth,Mississippi,Unaccompanied Children and youth,334,,,13.90%,
New Mexico - Unaccompanied Children and youth,New Mexico,Unaccompanied Children and youth,403,,,14.30%,
Nevada - Unaccompanied Children and youth,Nevada,Unaccompanied Children and youth,1922,,,22.80%,
Delaware - Unsheltered persons,Delaware,Unsheltered persons,10,22,-54.55%,1.10%,0
Maine - Unsheltered persons,Maine,Unsheltered persons,62,33,87.88%,2.10%,0
Iowa - Unsheltered persons,Iowa,Unsheltered persons,134,148,-9.46%,4.30%,0
Massachusetts - Unsheltered persons,Massachusetts,Unsheltered persons,850,722,17.73%,4.50%,1
New York - Unsheltered persons,New York,Unsheltered persons,4157,4084,1.79%,5.40%,2
Nebraska - Unsheltered persons,Nebraska,Unsheltered persons,173,832,-79.21%,5.50%,1
Wisconsin - Unsheltered persons,Wisconsin,Unsheltered persons,368,581,-36.66%,6.00%,1
District of Columbia - Unsheltered persons,District of Columbia,Unsheltered persons,512,679,-24.59%,7.50%,8
Rhode Island - Unsheltered persons,Rhode Island,Unsheltered persons,117,28,317.86%,8.50%,1
Pennsylvania - Unsheltered persons,Pennsylvania,Unsheltered persons,1359,1076,26.30%,9.00%,1
Alaska - Unsheltered persons,Alaska,Unsheltered persons,205,197,4.06%,10.50%,3
Ohio - Unsheltered persons,Ohio,Unsheltered persons,1338,1731,-22.70%,10.90%,1
Minnesota - Unsheltered persons,Minnesota,Unsheltered persons,915,990,-7.58%,11.10%,2
Indiana - Unsheltered persons,Indiana,Unsheltered persons,700,889,-21.26%,11.50%,1
Kansas - Unsheltered persons,Kansas,Unsheltered persons,311,334,-6.89%,11.50%,1
New Jersey - Unsheltered persons,New Jersey,Unsheltered persons,1399,1596,-12.34%,11.70%,2
Vermont - Unsheltered persons,Vermont,Unsheltered persons,184,223,-17.49%,12.70%,3
Utah - Unsheltered persons,Utah,Unsheltered persons,418,475,-12.00%,12.80%,1
Virginia - Unsheltered persons,Virginia,Unsheltered persons,1022,1429,-28.48%,13.40%,1
New Hampshire - Unsheltered persons,New Hampshire,Unsheltered persons,202,167,20.96%,14.00%,2
Kentucky - Unsheltered persons,Kentucky,Unsheltered persons,754,911,-17.23%,14.40%,2
New Mexico - Unsheltered persons,New Mexico,Unsheltered persons,428,848,-49.53%,15.20%,2
Illinois - Unsheltered persons,Illinois,Unsheltered persons,2196,2995,-26.68%,16.40%,2
Michigan - Unsheltered persons,Michigan,Unsheltered persons,2188,2322,-5.77%,19.00%,2
Connecticut - Unsheltered persons,Connecticut,Unsheltered persons,919,695,32.23%,20.70%,3
Idaho - Unsheltered persons,Idaho,Unsheltered persons,377,486,-22.43%,21.20%,2
Colorado - Unsheltered persons,Colorado,Unsheltered persons,2163,9508,-77.25%,22.20%,4
Maryland - Unsheltered persons,Maryland,Unsheltered persons,1922,3512,-45.27%,23.40%,3
Missouri - Unsheltered persons,Missouri,Unsheltered persons,2080,2344,-11.26,24.20%,3
North Carolina - Unsheltered persons,North Carolina,Unsheltered persons,3155,4715,-33.09%,25.90%,3
Oklahoma - Unsheltered persons,Oklahoma,Unsheltered persons,1146,1989,-42.38%,26.00%,3
West Virginia - Unsheltered persons,West Virginia,Unsheltered persons,628,877,-28.39%,28.00%,3
Washington - Unsheltered persons,Washington,Unsheltered persons,5053,5477,-7.74%,28.50%,7
Arizona - Unsheltered persons,Arizona,Unsheltered persons,3131,3087,1.43%,29.60%,5
Louisiana - Unsheltered persons,Louisiana,Unsheltered persons,1575,3965,-60.28%,30.10%,3
Alabama - Unsheltered persons,Alabama,Unsheltered persons,1443,1545,-6.60%,30.80%,3
South Dakota - Unsheltered persons,South Dakota,Unsheltered persons,339,64,429.69%,31.00%,4
Tennessee - Unsheltered persons,Tennessee,Unsheltered persons,3207,3648,-12.09%,33.70%,5
Texas - Unsheltered persons,Texas,Unsheltered persons,12090,16551,-26.95%,40.80%,5
Hawaii - Unsheltered persons,Hawaii,Unsheltered persons,2590,2520,2.78%,40.90%,18
Montana - Unsheltered persons,Montana,Unsheltered persons,784,680,15.29%,41.70%,8
Wyoming - Unsheltered persons,Wyoming,Unsheltered persons,452,1338,-66.22%,47.40%,
South Carolina - Unsheltered persons,South Carolina,Unsheltered persons,3133,2139,46.47%,47.90%,7
Georgia - Unsheltered persons,Georgia,Unsheltered persons,8461,12196,-30.62%,49.90%,8
Oregon - Unsheltered persons,Oregon,Unsheltered persons,7390,9283,-20.39%,53.50%,19
Mississippi - Unsheltered persons,Mississippi,Unsheltered persons,1320,1371,-3.72%,54.90%,4
Nevada - Unsheltered persons,Nevada,Unsheltered persons,4745,5956,-20.33%,56.20%,17
Arkansas - Unsheltered persons,Arkansas,Unsheltered persons,2148,2612,-17.76%,56.30%,7
Florida - Unsheltered persons,Florida,Unsheltered persons,28192,35338,-20.22%,58.90%,14
Puerto Rico - Unsheltered persons,Puerto Rico,Unsheltered persons,2726,1866,46.09%,66.00%,8
California - Unsheltered persons,California,Unsheltered persons,91272,85008,7.37%,66.70%,24
North Dakota - Unsheltered persons,North Dakota,Unsheltered persons,1395,53,2532.08%,67.40%,19
US Virgin Islands - Unsheltered persons,US Virgin Islands,Unsheltered persons,363,378,-3.97%,75.30%,34
Guam - Unsheltered persons,Guam,Unsheltered persons,1143,1114,2.60%,89.90%,72
Puerto Rico - Veterans,Puerto Rico,Veterans,82,116,-29.31%,2.00%,0
Guam - Veterans,Guam,Veterans,32,31,3.23%,2.50%,2
Minnesota - Veterans,Minnesota,Veterans,349,309,12.94%,4.20%,1
New Jersey - Veterans,New Jersey,Veterans,540,592,-8.78%,4.50%,1
Maine - Veterans,Maine,Veterans,164,116,41.38%,5.40%,1
Nebraska - Veterans,Nebraska,Veterans,183,249,-26.51%,5.80%,1
New York - Veterans,New York,Veterans,4659,4961,-6.09%,6.00%,2
Massachusetts - Veterans,Massachusetts,Veterans,1253,1181,6.10%,6.60%,2
US Virgin Islands - Veterans,US Virgin Islands,Veterans,33,33,0.00%,6.80%,3
Rhode Island - Veterans,Rhode Island,Veterans,97,96,1.04%,7.00%,1
Colorado - Veterans,Colorado,Veterans,685,1512,-54.70%,7.00%,1
District of Columbia - Veterans,District of Columbia,Veterans,499,531,-6.03%,7.30%,8
Washington - Veterans,Washington,Veterans,1318,1475,-10.64%,7.40%,2
Iowa - Veterans,Iowa,Veterans,229,217,5.53%,7.40%,1
Connecticut - Veterans,Connecticut,Veterans,341,332,2.71%,7.70%,1
Maryland - Veterans,Maryland,Veterans,673,617,9.08%,8.20%,1
New Mexico - Veterans,New Mexico,Veterans,243,345,-29.57%,8.60%,1
New Hampshire - Veterans,New Hampshire,Veterans,125,127,-1.57%,8.60%,1
Mississippi - Veterans,Mississippi,Veterans,210,244,-13.93%,8.70%,1
Vermont - Veterans,Vermont,Veterans,128,109,17.43%,8.80%,2
Hawaii - Veterans,Hawaii,Veterans,558,507,10.06%,8.80%,4
Wisconsin - Veterans,Wisconsin,Veterans,552,539,2.41%,9.00%,1
North Carolina - Veterans,North Carolina,Veterans,1123,1413,-20.52%,9.20%,1
Delaware - Veterans,Delaware,Veterans,89,66,34.85%,9.40%,1
Virginia - Veterans,Virginia,Veterans,719,881,-18.39%,9.40%,1
Illinois - Veterans,Illinois,Veterans,1267,1147,10.46%,9.40%,1
Michigan - Veterans,Michigan,Veterans,1100,1017,8.16%,9.50%,1
Pennsylvania - Veterans,Pennsylvania,Veterans,1462,1456,0.41%,9.70%,1
South Carolina - Veterans,South Carolina,Veterans,636,543,17.13%,9.70%,1
Missouri - Veterans,Missouri,Veterans,843,899,-6.23%,9.80%,1
Ohio - Veterans,Ohio,Veterans,1212,1244,-2.57%,9.80%,1
Oklahoma - Veterans,Oklahoma,Veterans,437,404,8.17%,9.90%,1
Utah - Veterans,Utah,Veterans,327,330,-0.91%,10.00%,1
Tennessee - Veterans,Tennessee,Veterans,991,1285,-22.88%,10.40%,2
Georgia - Veterans,Georgia,Veterans,1805,2297,-21.42%,10.60%,2
Alaska - Veterans,Alaska,Veterans,210,256,-17.97%,10.80%,3
Oregon - Veterans,Oregon,Veterans,1494,1356,10.18%,10.80%,4
Alabama - Veterans,Alabama,Veterans,511,526,-2.85%,10.90%,1
Louisiana - Veterans,Louisiana,Veterans,575,899,-36.04%,11.00%,1
California - Veterans,California,Veterans,15179,16461,-7.79%,11.10%,4
Nevada - Veterans,Nevada,Veterans,950,1419,-33.05%,11.30%,3
South Dakota - Veterans,South Dakota,Veterans,125,124,0.81%,11.40%,1
Florida - Veterans,Florida,Veterans,5505,5331,3.26%,11.50%,3
Arizona - Veterans,Arizona,Veterans,1222,1478,-17.30%,11.60%,2
Kentucky - Veterans,Kentucky,Veterans,607,440,37.95%,11.60%,1
North Dakota - Veterans,North Dakota,Veterans,241,160,50.63%,11.60%,3
Idaho - Veterans,Idaho,Veterans,208,260,-20.00%,11.70%,1
Arkansas - Veterans,Arkansas,Veterans,462,362,27.62%,12.10%,2
Indiana - Veterans,Indiana,Veterans,743,687,8.15%,12.20%,1
Texas - Veterans,Texas,Veterans,3878,4364,-11.14%,13.10%,1
Wyoming - Veterans,Wyoming,Veterans,137,311,-55.95%,14.40%,2
West Virginia - Veterans,West Virginia,Veterans,329,268,22.76%,14.70%,2
Kansas - Veterans,Kansas,Veterans,414,373,10.99%,15.40%,1
Montana - Veterans,Montana,Veterans,309,323,-4.33%,16.50%,3
